0,2014-09-22,Mon,106468,514052732014329856,90,SenWarren,"['If', 'were', 'going', 'to', 'stop', 'climate', 'change', 'we', 'must', 'look', 'at', 'Citizens', 'United', 'Watch', 'my', 'colleague', '@SenWhitehouses', 'speech']",[],14:04:56,970207298
1,2014-09-18,Thu,106468,512647411257593856,112,SenWarren,"['If', 'CEOs', 'wont', 'reinvest', 'profits', 'in', 'their', 'workers', 'what', 'can', 'we', 'do', 'to', 'fill', 'that', 'void', 'Watch', 'yesterdays', 'banking', 'hearing']",[],17:00:42,970207298
2,2014-09-17,Wed,106468,512298735179952129,152,SenWarren,"['Fmr', 'Rep', '@anthonyweiner', 'didn', 't', 'like', 'that', 'I', 'called', 'out', '@RepEricCantor', 'for', 'his', 'new', 'Wall', 'St', 'job', 'Lets', 'look', 'at', 'the', 'facts']",[],17:55:11,970207298
3,2014-09-17,Wed,106468,512046378277953537,489,SenWarren,"['My', 'GOP', 'colleagues', 'once', 'again', 'put', 'millionaires', 'amp', 'billionaires', 'before', 'students', 'amp', 'blocked', 'the', 'BankonStudents', 'act', 'today']",[],01:12:24,970207298
4,2014-09-16,Tue,106468,511953996731265026,161,SenWarren,"['Heading', 'to', 'the', 'Senate', 'floor', 'with', 'my', 'Democratic', 'colleagues', 'to', 'demand', 'a', 'vote', 'on', 'BankonStudents', 'right', 'now', 'Tune', 'in']",[],19:05:19,970207298
5,2014-09-10,Wed,106468,509703059791159297,237,SenWarren,"['At', 'Tuesdays', 'Banking', 'Committee', 'I', 'asked', 'the', 'regulators', 'How', 'many', 'Wall', 'St', 'execs', 'have', 'you', 'recommended', 'for', 'prosecution']",[],14:00:53,970207298
6,2014-09-08,Mon,106468,509121967086370818,385,SenWarren,"['Today', 'I', 'spoke', 'in', 'support', 'of', 'a', 'Constitutional', 'amendment', 'to', 'regulate', 'campaign', 'finance', 'amp', 'rein', 'in', 'money', 'in', 'politics']",[],23:31:50,970207298
7,2014-08-22,Fri,106468,502849129790570499,27,SenWarren,"['Joined', '@RepTierney', '@DonnaHoladay', 'amp', 'Kathleen', 'OConnor', 'Ives', 'in', 'Newburyport', 'to', 'learn', 'about', 'Opportunity', 'Works']",[],16:05:49,970207298
8,2014-08-21,Thu,106468,502549860554641409,36,SenWarren,"['Got', 'a', 'fascinating', 'tour', 'of', 'the', '@whoimedia', 'yesterday', 'We', 'make', 'these', 'investments', 'in', 'scientific', 'research', 'together']",[],20:16:38,970207298
9,2014-08-20,Wed,106468,502194054508343296,41,SenWarren,"['Met', 'with', '@WECANCENTER', 'an', 'org', 'that', 'provides', 'support', 'for', 'women', 'in', 'tough', 'life', 'transitions', 'We', 're', 'stronger', 'together']",[],20:42:47,970207298
10,2014-08-20,Wed,106468,502120690070605824,55,SenWarren,"['Today', 'I', 'visited', '@CapeAbilities', 'a', 'nonprofit', 'that', 'employs', 'people', 'with', 'disabilities', 'to', 'grow', 'amp', 'sell', 'produce', 'on', 'the', 'Cape']",[],15:51:16,970207298
11,2014-08-19,Tue,106468,501861483698208768,38,SenWarren,"['@RepKClark', 'amp', 'I', 'toured', 'the', 'Framingham', 'Community', 'Outpatient', 'Clinic', 'today', 'amp', 'held', 'a', 'roundtable', 'on', 'veterans', 'issues']",[],22:41:16,970207298
12,2014-08-12,Tue,106468,499259843795234816,188,SenWarren,"['I', 'oppose', 'the', 'current', 'Kinder', 'Morgan', 'pipeline', 'proposal', 'We', 'can', 'do', 'better']",[],18:23:17,970207298
13,2014-08-08,Fri,106468,497847453551702016,23,SenWarren,"['@RepJoeKennedy', '@davidcicilline', '@MarcRPacheco', 'amp', 'I', 'welcomed', 'Cape', 'Verdean', 'President', 'Fonseca', 'to', 'Boston', 'today']",[],20:50:57,970207298
14,2014-08-06,Wed,106468,497023089549398016,222,SenWarren,"['Via', '@Upworthy', 'Watch', '@SenWarren', 'go', 'off', 'on', 'a', 'banker', 'who', 'thinks', 'taking', 'advantage', 'of', 'struggling', 'families', 'isnt', 'so', 'bad']",[],14:15:13,970207298
15,2014-08-04,Mon,106468,496393904133271552,407,SenWarren,"['Corporate', 'inversion', 'is', 'freeloading', 'If', 'you', 'missed', 'it', 'watch', 'my', 'speech', 'on', 'the', 'Stop', 'Corporate', 'Inversions', 'Act']",[],20:35:03,970207298
16,2014-08-04,Mon,106468,496349385048223745,12,SenWarren,"['Got', 'a', 'great', 'tour', 'of', '@WBMasonCo', 'HQ', 'in', 'Brockton', 'this', 'morning']",[],17:38:09,970207298
17,2014-08-01,Fri,106468,495310840040783872,35,SenWarren,"['Glad', 'to', 'be', 'in', 'Springfield', 'for', 'Hampden', 'DA', 'Mark', 'Mastroianni', 's', 'swearing', 'in', 'ceremony', 'to', 'the', 'US', 'District', 'Court']",[],20:51:21,970207298
18,2014-08-01,Fri,106468,495252468448509952,25,SenWarren,"['Great', 'to', 'be', 'in', 'Charlton', 'to', 'announce', 'a', 'federal', 'grant', 'that', 'will', 'help', 'the', 'fire', 'dept', 'get', 'a', 'new', 'fire', 'truck']",[],16:59:24,970207298
19,2014-08-01,Fri,106468,495218535812325376,13,SenWarren,"['Joined', '@MayorDanRizzo', 'amp', '@markeymemo', 'in', 'Revere', 'this', 'morning', 'to', 'announce', 'the', 'Revere', 'Tornado', 'Relief', 'Fund', 'mapoli']",[],14:44:34,970207298
20,2014-07-31,Thu,106468,494914776263585792,305,SenWarren,"['I', 'asked', 'a', 'top', 'banking', 'lobbyist', 'If', 'struggling', 'student', 'loan', 'borrowers', 'cant', 'file', 'bankruptcy', 'what', 'can', 'they', 'do']",[],18:37:32,970207298
21,2014-07-30,Wed,106468,494585820041318400,535,SenWarren,"['When', 'US', 'corporations', 'claim', 'foreign', 'citizenship', 'to', 'avoid', 'taxes', 'it', 's', 'freeloading', 'Learn', 'more', 'about', 'our', 'new', 'bill']",[],20:50:23,970207298
22,2014-07-28,Mon,106468,493858176228663301,69,SenWarren,"['Mass', 'continues', 'to', 'lead', 'in', 'the', '21st-century', 'innovation', 'economy', 'w', 'new', 'tech', 'that', 'is', 'good', 'for', 'our', 'environment', 'amp', 'health']",[],20:38:59,970207298
23,2014-07-24,Thu,106468,492376338758512641,423,SenWarren,"['Today', 'is', '5yrs', 'since', 'the', 'last', 'federal', 'min', 'wage', 'raise', 'went', 'into', 'effect', 'Full', 'time', 'workers', 'shouldnt', 'be', 'in', 'poverty', 'let', 's', 'RaiseTheWage', '1010now']",[],18:30:41,970207298
24,2014-07-23,Wed,106468,492009583800762368,58,SenWarren,"['Thanks', '@MassGovernor', 'amp', 'state', 'leg', 'for', 'establishing', 'the', 'permanent', 'Council', 'on', 'the', 'Underground', 'Economy', 'to', 'protect', 'workers']",[],18:13:20,970207298
25,2014-07-22,Tue,106468,491645513851502592,84,SenWarren,"['Today', 'I', 'said', 'happy', 'birthday', 'to', 'the', '@CFPB', 'the', 'agency', 'is', 'already', 'making', 'a', 'difference', 'for', 'families', 'Watch']",[],18:06:39,970207298
26,2014-07-21,Mon,106468,491239250323832832,56,SenWarren,"['3', 'yrs', 'since', 'opening', '@CFPB', 'is', 'helping', 'families', 'in', 'MA', 'amp', 'across', 'the', 'country', 'Read', 'more', '@MassLiveNews']",[],15:12:18,970207298
27,2014-07-17,Thu,106468,489821559675420672,298,SenWarren,"['Read', 'op-ed', 'from', 'me', '@SenJohnMcCain', '@CantwellPress', '@SenAngusKing', 'on', 'why', 'we', 'need', 'a', 'new', 'GlassSteagall', 'at', '@CNN']",[],17:18:54,970207298
28,2014-07-16,Wed,106468,489444349747675136,650,SenWarren,"['I', 'cant', 'believe', 'were', 'still', 'debating', 'if', 'employers', 'can', 'deny', 'women', 'access', 'to', 'birth', 'control', 'Watch', 'NotMyBossBusiness']",[],16:20:01,970207298
29,2014-07-16,Wed,106468,489432332009734144,55,SenWarren,"['Im', 'joining', '@PewTrusts', 'today', 'to', 'talk', 'postalbanking', 'Watch', 'here', 'pewPObanking']",[],15:32:15,970207298
30,2014-07-09,Wed,106468,486961732368498689,191,SenWarren,"['Happy', 'to', 'join', '@RealBankReform', '@PublicCitizen', 'to', 'receive', '600k', 'signatures', 'supporting', 'a', '21st', 'Century', 'GlassSteagall', 'Act']",[],19:54:58,970207298
31,2014-07-07,Mon,106468,486151939361878016,61,SenWarren,"['My', 'office', 'is', 'now', 'accepting', 'applications', 'for', 'US', 'service', 'academy', 'nominations', 'for', 'the', 'Class', 'of', '2019', 'Learn', 'more']",[],14:17:09,970207298
32,2014-07-02,Wed,106468,484438009891528705,76,SenWarren,"['Im', 'pleased', '@Energy', 'took', 'a', 'big', 'step', 'toward', 'developing', 'clean', 'wind', 'energy', 'off', 'the', 'MA', 'coast']",[],20:46:36,970207298
33,2014-06-28,Sat,106468,482956736962502656,48,SenWarren,"['Beautiful', 'morning', 'in', 'NewBedford', 'for', 'the', 'CharlesWMorgan', 'Homecoming', 'Celebration']",[],18:40:33,970207298
34,2014-06-16,Mon,106468,478626018375520256,76,SenWarren,"['Today', 'I', 'spoke', 'to', '@ACSCANMA', 'in', 'Boston', 'about', 'increasing', 'funding', 'for', '@NIH', 'to', 'renew', 'our', 'nations', 'commitment', 'to', 'research']",[],19:51:49,970207298
35,2014-06-13,Fri,106468,477512145090150400,225,SenWarren,"['Watch', '@SenSanders', 'read', 'stories', 'about', 'crushing', 'student', 'debt', 'amp', 'why', 'we', 'must', 'keep', 'fighting', 'to', 'give', 'students', 'a', 'fairshot']",[],18:05:41,970207298
36,2014-06-11,Wed,106468,476727443643174912,243,SenWarren,"['Just', 'voted', 'on', 'the', 'Senate', 'floor', 'for', 'BankOnStudents', 'to', 'give', 'our', 'kids', 'a', 'fairshot', 'at', 'building', 'a', 'future']",[],14:07:34,970207298
37,2014-06-10,Tue,106468,476420367108833281,200,SenWarren,"['Students', 'gathered', 'at', 'the', 'Capitol', 'today', 'w', 'more', 'than', '300k', 'signatures', 'calling', 'on', 'Congress', 'to', 'BankOnStudents', 'FairShot']",[],17:47:21,970207298
38,2014-06-09,Mon,106468,476093870883614721,79,SenWarren,"['Thanks', 'MT', '@RevJJackson', '@SenWarren', 'hit', 'another', 'bases-loaded', 'HOME', 'RUN', '2', 'unburden', 'studentloandebt', 'This', 'bill', 'deserves', 'SUPPORT', 'BankOnStudents']",[],20:09:58,970207298
39,2014-06-04,Wed,106468,474290506743447552,149,SenWarren,"['Heading', 'to', 'Senate', 'floor', 'now', 'to', 'talk', 'about', 'why', 'we', 'need', 'to', 'pass', 'BankOnStudents', 'Watch']",[],20:44:03,970207298
40,2014-06-03,Tue,106468,473953584275398659,79,SenWarren,"['@EPAs', 'Clean', 'Power', 'Plan', 'is', 'a', 'powerful', 'step', 'in', 'the', 'fight', 'to', 'protect', 'our', 'health', 'amp', 'environment', 'amp', 'tackle', 'climatechange']",[],22:25:14,970207298
41,2014-06-03,Tue,106468,473889777381830656,52,SenWarren,"['At', '330p', 'ET', 'Ill', 'be', 'on', 'a', 'live', 'chat', 'to', 'answer', 'Qs', 'on', 'student', 'loan', 'refinancing', 'w', '@senatorbaldwin', '@senblumenthal', 'RSVP']",[],18:11:42,970207298
42,2014-06-02,Mon,106468,473542500100366336,188,SenWarren,"['Student', 'debt', 'slows', 'our', 'recovery', 'amp', 'crushes', 'families', '@SenateDems', 'are', 'fighting', 'to', 'give', 'grads', 'a', 'fairshot', 'bankonstudents']",[],19:11:44,970207298
43,2014-06-02,Mon,106468,473488462675709953,17,SenWarren,"['Great', 'to', 'speak', 'w', '@THEPFFM', 'in', 'Framingham', 'today', 'Firefighters', 'are', 'always', 'there', 'for', 'us', 'amp', 'we', 'must', 'be', 'there', 'for', 'them']",[],15:37:01,970207298
44,2014-05-26,Mon,106468,470919408052092928,62,SenWarren,"['Memorial', 'Day', 'is', 'a', 'time', 'to', 'honor', 'the', 'sacrifices', 'our', 'servicemembers', 'make', 'to', 'protect', 'our', 'families', 'Watch', 'my', 'message']",[],13:28:30,970207298
45,2014-05-23,Fri,106468,469888424028405760,43,SenWarren,"['The', 'Sen', 'passed', 'a', 'womens', 'heart', 'health', 'resolution', 'I', 'introed', 'w', '@lisamurkowski', '@SenatorBarb', '@SenatorCollins', 'screenus']",[],17:11:45,970207298
46,2014-05-21,Wed,106468,469224366602207233,163,SenWarren,"['I', 'joined', '@SenatorBoxer', '@SenWhitehouse', 'amp', 'colleagues', 'today', 'to', 'SoundTheAlarm4Climate', 'ActOnClimate']",[],21:13:01,970207298
47,2014-05-21,Wed,106468,469148366459654145,474,SenWarren,"['RT', 'if', 'you', 'agree', 'We', 'must', 'ActOnClimate', 'now', 'to', 'build', 'a', 'better', 'future', 'for', 'ourselves', 'amp', 'our', 'kids', 'SoundTheAlarm4Climate']",[],16:11:01,970207298
48,2014-05-20,Tue,106468,468857307309551617,63,SenWarren,"['Thank', 'you', '@RepKClark', 'for', 'introducing', 'your', '1st', 'bill', 'today', 'to', 'strengthen', 'child', 'care', 'an', 'impt', 'issue', 'for', 'working', 'families']",[],20:54:27,970207298
49,2014-05-19,Mon,106468,468422086449721344,78,SenWarren,"['Today', 'I', 'spoke', 'at', 'a', 'WorkingFamilies', 'forum', 'w', '@USDOL', 'in', 'Cambridge', 'on', 'why', 'we', 'need', 'equalpay', 'raisethewage', 'amp', 'BankOnStudents']",[],16:05:02,970207298
50,2014-05-15,Thu,106468,466935215256911872,303,SenWarren,"['We', 'need', 'to', 'pass', 'BankOnStudents', 'so', 'kids', 'can', 'refinance', 'student', 'debt', 'amp', 'have', 'a', 'fairshot', 'at', 'an', 'education', 'TBT']",[],13:36:45,970207298
51,2014-05-12,Mon,106468,465949236396584960,254,SenWarren,"['Student', 'loan', 'borrowers', 'should', 'be', 'able', 'to', 'refinance', 'their', 'debt', 'Watch', 'my', '@NECN', 'interview', 'on', 'BankOnStudents']",[],20:18:49,970207298
52,2014-05-07,Wed,106468,464101082164396032,65,SenWarren,"['Excited', 'to', 'announce', '$329', 'M', 'in', '@americorps', 'grants', 'for', 'MA', 'Proud', 'of', 'the', 'Commonwealths', 'leadership', 'in', 'nationalservice']",[],17:54:55,970207298
53,2014-05-06,Tue,106468,463761834554974208,272,SenWarren,"['I', 'introduced', 'the', 'BankOnStudents', 'Emergency', 'Loan', 'Refinancing', 'Act', 'to', 'help', 'our', 'economy', 'amp', 'give', 'grads', 'a', 'fairshot', 'Watch']",[],19:26:52,970207298
54,2014-05-06,Tue,106468,463683599783714816,606,SenWarren,"['Today', 'Im', 'introducing', 'a', 'bill', 'to', 'allow', 'student', 'loan', 'borrowers', 'to', 'refinance', 'their', 'debt', 'Learn', 'more']",[],14:15:59,970207298
55,2014-05-05,Mon,106468,463355544628367361,419,SenWarren,"['High', 'student', 'debt', 'makes', 'it', 'hard', 'for', 'grads', 'to', 'buy', 'homes', 'amp', 'cars', 'start', 'businesses', 'amp', 'save', 'We', 'should', 'invest', 'in', 'kids', 'amp', 'give', 'them', 'a', 'fairshot']",[],16:32:25,970207298
56,2014-05-05,Mon,106468,463349377265070080,376,SenWarren,"['Our', 'young', 'people', 'deserve', 'a', 'fairshot', 'but', '$12', 'trillion', 'in', 'total', 'student', 'loan', 'debt', 'is', 'crushing', 'graduates', 'amp', 'weighing', 'down', 'our', 'economy']",[],16:07:54,970207298
57,2014-05-01,Thu,106468,461933092551528449,211,SenWarren,"['We', 'know', 'how', 'to', 'strengthen', 'the', 'middle', 'class', 'in', 'this', 'country', 'because', 'weve', 'done', 'it', 'before', 'Read', 'my', '@CNN', 'op-ed', 'today']",[],18:20:06,970207298
58,2014-04-30,Wed,106468,461548967105671168,112,SenWarren,"['We', 'need', 'meaningful', 'inclusion', 'of', 'women', 'in', 'NIH', 'trials', 'to', 'ensure', 'women', 'get', 'the', 'medical', 'care', 'they', 'deserve', 'Read', 'more']",[],16:53:43,970207298
59,2014-04-28,Mon,106468,460841646973014016,1318,SenWarren,"['Ive', 'got', '14', 'mil', 'reasons', 'to', 'RaisetheWage', 'over', '14', 'mil', 'kids', 'have', 'parents', 'whose', 'wages', 'would', 'go', 'up', 'Lets', 'give', 'our', 'families', 'a', 'FairShot']",[],18:03:05,970207298
60,2014-04-21,Mon,106468,458313080272080897,75,SenWarren,"['Cheering', 'on', 'the', 'amazing', 'runners', 'at', 'the', 'Boston', 'Marathon', 'on', 'this', 'beautiful', 'Patriots', 'Day', 'BostonStrong']",[],18:35:28,970207298
61,2014-04-15,Tue,106468,456128105003089920,110,SenWarren,"['Please', 'join', 'in', 'a', 'moment', 'of', 'silence', 'at', '249pm', 'ET', 'today', 'to', 'remember', 'the', 'anniversary', 'of', 'the', 'BostonMarathon', 'tragedy', 'BostonStrong']",[],17:53:09,970207298
62,2014-04-08,Tue,106468,453632288166006784,667,SenWarren,"['Women', 'are', 'tired', 'of', 'hearing', 'pay', 'inequality', 'isn', 't', 'real', 'or', 'it', 's', 'somehow', 'our', 'fault', 'amp', 'we', 're', 'ready', 'to', 'fight', 'back', 'EqualPay']",[],20:35:40,970207298
63,2014-04-03,Thu,106468,451837929271615488,334,SenWarren,"['It', 's', 'time', 'to', 'RaiseTheWage', 'honor', 'working', 'families', 'amp', 'end', 'corporate', 'welfare', 'for', 'companies', 'paying', 'poverty-level', 'wages']",[],21:45:31,970207298
64,2014-04-01,Tue,106468,451071638663352320,355,SenWarren,"['It', 's', 'obscene', 'the', 'govt', 'charges', 'more', 'interest', 'than', 'needed', 'to', 'run', 'the', 'student', 'loan', 'program', 'students', 'deserve', 'a', 'refund']",[],19:00:33,970207298
65,2014-03-31,Mon,106468,450651642380427264,29,SenWarren,"['At', 'a', '@SenateAging', 'hearing', 'I', 'asked', 'is', 'the', 'gov', 't', 'doing', 'enough', 'to', 'deter', 'Medicare', 'fraud', 'Watch']",[],15:11:38,970207298
66,2014-03-31,Mon,106468,450638722695188480,23,SenWarren,"['Great', 'to', 'speak', 'at', '@AssociatedECE', 'this', 'morning', 'about', 'why', 'we', 'need', 'to', 'invest', 'in', 'high-quality', 'earlyed', 'for', 'our', 'kids']",[],14:20:18,970207298
67,2014-03-28,Fri,106468,449636633345032192,22,SenWarren,"['Glad', 'to', 'welcome', '@SenateAging', 'to', 'Twitter', 'FF', 'for', 'info', 'on', 'our', 'work', 'for', 'seniors']",[],19:58:21,970207298
68,2014-03-25,Tue,106468,448561083209756672,12,SenWarren,"['Enjoyed', 'joining', 'small', 'businesses', 'from', 'across', 'MA', 'at', 'the', 'Business', 'Matchmaker', 'in', 'Roxbury', 'yesterday']",[],20:44:30,970207298
69,2014-03-18,Tue,106468,445986505694412800,29,SenWarren,"['Less', 'than', 'a', 'week', 'to', 'go', 'until', 'the', 'MA', 'Business', 'Matchmaker', 'on', '324', 'Watch', 'amp', 'share', 'my', 'video', 'message', 'amp', 'sign', 'up', 'to', 'attend']",[],18:14:03,970207298
70,2014-03-14,Fri,106468,444517101748105216,31,SenWarren,"['I', 'm', 'hosting', 'a', 'MA', 'Business', 'Matchmaker', 'w', '@USGSAR1', 'on', '324', 'to', 'help', 'connect', 'small', 'biz', 'to', 'new', 'opportunities', 'Join', 'me']",[],16:55:10,970207298
71,2014-03-13,Thu,106468,444229780922454016,36,SenWarren,"['Very', 'glad', 'the', 'Senate', 'amp', 'House', 'have', 'now', 'voted', 'to', 'FixFlood', 'amp', 'help', 'MA', 'families']",[],21:53:27,970207298
72,2014-03-12,Wed,106468,443741870523678721,79,SenWarren,"['Yesterday', 'I', 'spoke', 'for', 'Up4Climate', 'amp', 'shared', 'stories', 'from', 'constituents', 'on', 'why', 'we', 'must', 'act', 'now', 'to', 'tackle', 'climatechange']",[],13:34:40,970207298
73,2014-03-03,Mon,106468,440625354688827393,51,SenWarren,"['Visited', 'Keverian', 'School', 'in', 'Everett', 'for', 'ReadAcrossAmerica', 'day', 'amp', 'to', 'celebrate', 'birthday', 'of', 'Springfield', 'MA', 's', 'Dr', 'Seuss']",[],23:10:45,970207298
74,2014-03-03,Mon,106468,440563411492306944,62,SenWarren,"['Spoke', 'about', 'the', 'importance', 'of', 'investing', 'in', 'women', 's', 'health', 'research', 'at', '@BrighamWomens', 'womenshealthsummit', 'this', 'morning']",[],19:04:37,970207298
75,2014-02-13,Thu,106468,434018614149382144,450,SenWarren,"['It', 's', 'long', 'past', 'time', 'to', 'RaisetheWage', 'for', 'hardworking', 'families', 'LivingOffTips', 'Full', 'time', 'work', 'should', 'not', 'mean', 'full', 'time', 'poverty', 'Raise213']",[],17:37:55,970207298
76,2014-02-12,Wed,106468,433716530556448768,158,SenWarren,"['Today', 'I', 'joined', '@SenatorDurbin', '@SenJackReed', 'amp', '@SenGillibrand', 'to', 'talk', 'college', 'amp', 'my', 'plan', 'to', 'reduce', 'student', 'debt', 'refi']",[],21:37:33,970207298
77,2014-02-10,Mon,106468,433000545452695552,96,SenWarren,"['Joined', 'local', 'workers', '@SenatorDurbin', 'amp', '@seabird37', 'at', '@bolocoatlantic', 'today', 'to', 'talk', 'raising', 'the', 'minimum', 'wage']",[],22:12:29,970207298
78,2014-02-08,Sat,106468,431974951755608064,43,SenWarren,"['Wearing', 'red', 'today', 'to', 'support', '@americanheart', 'amp', 'the', 'fight', 'against', 'heart', 'disease', 'wearredday']",[],02:17:08,970207298
79,2014-02-06,Thu,106468,431523172970930176,138,SenWarren,"['Today', 'I', 'asked', 'financial', 'regulators', 'if', 'their', 'enforcement', 'strategy', 'is', 'working', 'to', 'deter', 'future', 'wrongdoing', 'Watch']",[],20:21:56,970207298
80,2014-02-04,Tue,106468,430801926398017536,134,SenWarren,"['UI', 'represents', 'our', 'commitment', 'that', 'we', 'll', 'pitch', 'in', 'when', 'our', 'friends', 'amp', 'neighbors', 'have', 'fallen', 'on', 'tough', 'times', 'RenewUI']",[],20:35:57,970207298
81,2014-02-04,Tue,106468,430700006514114560,82,SenWarren,"['Last', 'night', 'I', 'joined', '@CoryBooker', 'for', 'his', 'first', 'floor', 'speech', 'to', 'talk', 'about', 'why', 'we', 'need', 'to', 'RenewUI', 'Watch', 'my', 'remarks']",[],13:50:58,970207298
82,2014-02-03,Mon,106468,430434322571870208,35,SenWarren,"['Read', 'my', 'op-ed', 'in', 'the', '@patriotledger', 'on', 'why', 'we', 'need', 'to', 'FixFlood', 'amp', 'pass', 'flood', 'insurance', 'reform', 'now', 'to', 'help', 'MA', 'families']",[],20:15:14,970207298
83,2014-01-31,Fri,106468,429367421640904704,29,SenWarren,"['Looking', 'forward', 'to', 'joining', 'you', 'MT', '@GUPublicPolicy', 'Honored', 'to', 'welcome', '@SenWarren', 'as', 'our', '2014', 'Whittington', 'Lecturer']",[],21:35:45,970207298
84,2014-01-31,Fri,106468,429326683045658624,11,SenWarren,"['Resolution', 'I', 'cosponsored', 'w', '@SenatorBaldwin', 'amp', '@TomCoburn', 'to', 'mark', 'Jan', 'as', 'Nat', 'l', 'Blood', 'Donor', 'Month', 'has', 'passed', 'thanks', 'donors', 'for', 'saving', 'lives']",[],18:53:52,970207298
85,2014-01-30,Thu,106468,428986772799123456,47,SenWarren,"['Very', 'glad', 'Senate', 'voted', 'to', 'FixFlood', 'amp', 'help', 'MA', 'families', 'facing', 'huge', 'rate', 'hikes', 'Thanks', '@SenLandrieu', 'amp', '@SenatorMenendez', 'for', 'your', 'leadership']",[],20:23:11,970207298
86,2014-01-29,Wed,106468,428342203916644352,29,SenWarren,"['MASOTC', 'highlights', 'keys', 'to', 'MA', 'success', 'investing', 'in', 'schools', 'innovation', 'infrastructure', 'Thanks', '@MassGovernor', 'for', 'your', 'leadership']",[],01:41:54,970207298
87,2014-01-28,Tue,106468,428274861891280896,64,SenWarren,"['Glad', 'to', 'welcome', 'my', 'SOTU', 'guest', 'Zev', 'Dickstein', 'to', 'the', 'Capitol']",[],21:14:18,970207298
88,2014-01-27,Mon,106468,427952223260127232,123,SenWarren,"['Just', 'voted', 'to', 'advance', 'flood', 'insurance', 'reform', 'in', 'the', 'Senate-now', 'we', 'must', 'pass', 'the', 'bill', 'to', 'FixFlood', 'ampstop', 'unaffordable', 'rate', 'hikes', 'for', 'families']",[],23:52:15,970207298
89,2014-01-27,Mon,106468,427879862246707200,27,SenWarren,"['Great', 'visit', 'to', '@perkinsschool', 'today', 'w', '@RepKClark', 'and', '@wbrownsberger', 'to', 'learn', 'more', 'about', 'the', 'school', 's', 'terrific', 'work']",[],19:04:43,970207298
90,2014-01-22,Wed,106468,426091000751075328,41,SenWarren,"['Had', 'a', 'great', 'open', 'house', 'at', 'my', 'Springfield', 'office', 'today', 'amp', 'just', 'met', 'w', '@UmassAmherst', 'students', 'on', 'college', 'affordability']",[],20:36:25,970207298
91,2014-01-21,Tue,106468,425752781295583232,51,SenWarren,"['Today', 'I', 'visited', '@MassasoitTweets', 'to', 'talk', 'w', 'students', 'about', 'reducing', 'the', 'student', 'loan', 'burden']",[],22:12:27,970207298
92,2014-01-21,Tue,106468,425706565891809280,10,SenWarren,"['Had', 'a', 'delicious', 'lunch', 'at', 'TKO', 'Malleys', 'in', 'Scituate', 'today']",[],19:08:49,970207298
93,2014-01-21,Tue,106468,425660593412923392,24,SenWarren,"['Great', 'to', 'join', 'Charlestown', 'High', 'students', '@MassDHE', 'amp', '@MassEducation', 'this', 'morning', 'to', 'talk', 'college', 'finaid', 'amp', '@FAFSADayMA']",[],16:06:08,970207298
94,2014-01-17,Fri,106468,424201235973935104,74,SenWarren,"['Help', 'me', 'welcome', 'to', 'twitter', '@RepKClark', 'a', 'champion', 'for', 'women', 'and', 'families', 'representing', 'MA05', 'in', 'the', 'US', 'House', 'mapoli']",[],15:27:10,970207298
95,2014-01-15,Wed,106468,423578885448413184,175,SenWarren,"['I', 'm', 'not', 'giving', 'up', 'on', 'all', 'the', 'Americans', 'who', 'need', 'unemployment', 'insurance', 'watch', 'my', 'interview', 'with', '@AlexWagner', 'today']",[],22:14:10,970207298
96,2014-01-09,Thu,106468,421363891747057664,48,SenWarren,"['Watch', 'my', 'floor', 'speech', 'on', 'the', 'TruthinSettlements', 'Act', 'I', 'introduced', 'w', '@TomCoburn', 'yesterday']",[],19:32:35,970207298
97,2014-01-09,Thu,106468,421307304361730049,432,SenWarren,"['RT', 'if', 'you', 'agree', 'More', 'transparency', 'will', 'help', 'Congress', 'citizens', 'amp', 'watchdogs', 'hold', 'regulators', 'accountable']",[],15:47:43,970207298
98,2014-01-08,Wed,106468,420955310182780928,95,SenWarren,"['Today', '@TomCoburn', 'amp', 'I', 'introduced', 'the', 'TruthinSettlements', 'Act', 'to', 'increase', 'transparency', 'around', 'govt', 'settlements']",[],16:29:01,970207298
99,2014-01-07,Tue,106468,420602333861380096,94,SenWarren,"['Proud', 'to', 'see', 'UI', 'bill', 'advance', 'in', 'Senate', 'thanks', '@SenJackReed', 'for', 'your', 'leadership', 'Will', 'keep', 'fighting', 'to', 'RenewUI', 'amp', 'help', 'families', 'who', 'need', 'it']",[],17:06:25,970207298
100,2013-12-18,Wed,106468,413431135461335041,78,SenWarren,"['Yesterday', 'I', 'joined', '@allinwithchris', 'to', 'talk', 'about', 'the', 'EqualEmployment', 'for', 'All', 'Act', 'Watch']",[],22:10:38,970207298
101,2013-12-17,Tue,106468,413077349588946944,569,SenWarren,"['Today', 'I', 'introduced', 'the', 'EqualEmployment', 'for', 'All', 'Act', 'to', 'stop', 'the', 'use', 'of', 'credit', 'checks', 'in', 'hiring']",[],22:44:49,970207298
102,2013-12-16,Mon,106468,412720942343671808,39,SenWarren,"['Thank', 'you', '@MayorTomMenino', 'for', 'your', 'hard', 'work', 'service', 'amp', 'dedication', 'to', 'making', 'Boston', 'a', 'better', 'place']",[],23:08:35,970207298
103,2013-12-12,Thu,106468,411252109011472384,33,SenWarren,"['Great', 'to', 'see', '@SenKClark', 'sworn', 'in', 'today', 'and', 'excited', 'to', 'have', 'her', 'as', 'a', 'partner', 'serving', 'the', 'people', 'of', 'MA', 'It', 's', 'a', 'good', 'day', 'for', 'MA', 's', '5th', 'district']",[],21:51:58,970207298
104,2013-12-11,Wed,106468,410799062690979840,137,SenWarren,"['It', 's', 'time', 'to', 'fix', 'our', 'broken', 'immigration', 'system', 'Thanks', '@RepJoeKennedy', 'amp', 'everyone', 'fasting', 'for', 'reform', 'on', 'the', 'National', 'Mall', '@fast4families']",[],15:51:43,970207298
105,2013-12-05,Thu,106468,408672310866898944,48,SenWarren,"['Thrilled', 'to', 'join', '@veteransinc1', 'in', 'Worcester', 'today', 'We', 'need', 'to', 'serve', 'amp', 'look', 'out', 'for', 'our', 'vets']",[],19:00:46,970207298
106,2013-12-01,Sun,106468,407200161417293824,94,SenWarren,"['Today', 'on', 'WorldAIDSDay', 'we', 'recommit', 'to', 'ending', 'HIVAIDS', 'in', 'the', 'US', 'amp', 'around', 'the', 'world', 'WAD2013']",[],17:30:58,970207298
107,2013-11-19,Tue,106468,402852552149970944,93,SenWarren,"['We', 'should', 'delay', 'FEMA', 'flood', 'program', 'changes', 'amp', 'ensure', 'maps', 'are', 'accurate', 'reliable', 'amp', 'reflect', 'best', 'scientific', 'data', 'FloodReform', 'FixFlood']",[],17:35:07,970207298
108,2013-11-19,Tue,106468,402851576173182976,77,SenWarren,"['The', 'Homeowner', 'Flood', 'Insurance', 'Affordability', 'Act', 'gives', 'homeowners', 'relief', 'from', 'unaffordable', 'unexpected', 'rate', 'hikes', 'FloodReform', 'FixFlood']",[],17:31:15,970207298
109,2013-11-18,Mon,106468,402572050750898176,334,SenWarren,"['We', 'are', 'in', 'a', 'real', 'and', 'growing', 'retirement', 'crisis', 'and', 'we', 'cannot', 'allow', 'Social', 'Security', 'to', 'be', 'dismantled', 'inch', 'by', 'inch']",[],23:00:30,970207298
110,2013-11-13,Wed,106468,400748282755813376,371,SenWarren,"['President', 'Obama', 'won', 'the', 'GOP', 'must', 'stop', 'blocking', 'votes', 'on', 'women', 'judges']",[],22:13:30,970207298
111,2013-11-11,Mon,106468,399899567967055873,71,SenWarren,"['Thank', 'you', 'to', 'all', 'our', 'veterans', 'for', 'your', 'service', 'We', 'are', 'grateful', 'for', 'your', 'courage', 'your', 'dedication', 'amp', 'your', 'sacrifice']",[],14:01:01,970207298
112,2013-11-08,Fri,106468,398921048508231680,18,SenWarren,"['Proud', 'to', 'have', '@USAirForce', 'General', 'Welsh', 'at', 'MA', 's', 'own', '@HanscomAFB', 'a', 'leader', 'in', 'sophisticated', 'cyber', 'security', 'innovation', 'amp', 'development']",[],21:12:44,970207298
113,2013-11-07,Thu,106468,398556516749291520,62,SenWarren,"['MA', 'is', '1', 'in', 'the', 'nation', 'in', 'energy', 'efficiency', 'for', 'the', '3rd', 'year', 'in', 'a', 'row', 'Thanks', '@MassGovernor', 'for', 'your', 'leadership']",[],21:04:13,970207298
114,2013-11-07,Thu,106468,398530846547660800,144,SenWarren,"['The', 'Senate', 'just', 'voted', 'to', 'pass', 'ENDA', 'in', 'America', 'equal', 'means', 'equal', 'Yesterday', 'I', 'spoke', 'on', 'the', 'floor', 'in', 'support']",[],19:22:12,970207298
115,2013-11-04,Mon,106468,397511396000141312,267,SenWarren,"['Proud', 'to', 'help', 'bring', 'ENDA', 'to', 'a', 'vote', 'in', 'the', 'Senate', 'and', 'continue', 'Sen', 'Kennedy', 's', 'work', 'making', 'sure', 'LGBT', 'workplace', 'discrimination', 'is', 'not', 'tolerated']",[],23:51:16,970207298
116,2013-11-04,Mon,106468,397457633231118336,17,SenWarren,"['Thanks', '@SenatorBegich', '@MarkeyMemo', '@RepTierney', '@USRepKeating', 'amp', 'industry', 'reps', 'for', 'a', 'productive', 'session', 'on', 'NE', 'fishing', 'issues', 'amp', 'reforming', 'MSA']",[],20:17:38,970207298
117,2013-10-31,Thu,106468,395983189660798976,27,SenWarren,"['Go', 'Sox', 'Today', 'I', 'congratulated', 'the', 'World', 'Champion', 'Boston', '@RedSox', 'in', 'remarks', 'on', 'the', 'Senate', 'floor']",[],18:38:44,970207298
118,2013-10-28,Mon,106468,394873191950061568,58,SenWarren,"['Today', 'I', 'spoke', 'w', '@bostonchamber', 'about', 'the', 'need', 'to', 'increase', 'investments', 'in', 'innovative', '@NIH', 'research', 'gbccgaf']",[],17:08:00,970207298
119,2013-10-01,Tue,106468,384847138145849344,728,SenWarren,"['Kids', 'kicked', 'off', 'Head', 'Start', 'srs', 'denied', 'meals', 'crushing', 'student', 'loan', 'debt', 'ampGOP', 'makes', 'denying', 'women', 'healthcare', '1', 'issue']",[],01:08:02,970207298
120,2013-09-23,Mon,106468,382195076023074816,16,SenWarren,"['Holly', 'Petraeus', '@CFPBMilitary', '@nikiinthehouse', '@coleynee', '@MASSDVS', 'amp', 'I', 'met', 'vets', 'amp', 'milfam', 'in', 'Boston', 'Lowell', 'today']",[],17:29:41,970207298
121,2013-09-20,Fri,106468,381141293641908224,22,SenWarren,"['Great', 'to', 'visit', '@MassBio', 'and', '@EMCCorp', 'today', 'to', 'talk', 'about', 'the', 'importance', 'of', 'the', 'innovation', 'economy', 'here', 'in', 'MA']",[],19:42:20,970207298
122,2013-09-19,Thu,106468,380710947112759296,47,SenWarren,"['@MikeCrapo', 'and', 'I', 'introduced', 'an', 'amendment', 'to', 'study', 'cost', 'savings', 'amp', 'encourage', 'the', 'use', 'of', 'energy', 'efficiency', 'technology']",[],15:12:17,970207298
123,2013-09-18,Wed,106468,380402002548645888,121,SenWarren,"['Read', 'my', '@bostonglobe', 'op-ed', 'today', 'on', 'important', 'steps', 'to', 'make', 'our', 'families', 'and', 'financial', 'system', 'safer', 'and', 'end', 'TBTF']",[],18:44:39,970207298
124,2013-09-02,Mon,106468,374530075762655232,71,SenWarren,"['Watch', 'my', 'Labor', 'Day', 'message', 'to', 'working', 'families', 'here', 'in', 'MA', 'and', 'across', 'the', 'country']",[],13:51:43,970207298
125,2013-08-28,Wed,106468,372839713415397376,86,SenWarren,"['Today', 'we', 'remember', 'and', 'honor', 'the', 'memory', 'of', 'MLK', 'Jr', 'a', 'man', 'who', 'dedicated', 'his', 'life', 'to', 'nonviolence', 'justice', 'and', 'equality', 'and', 'his', 'dream']",[],21:54:49,970207298
126,2013-08-27,Tue,106468,372367646810853378,69,SenWarren,"['Joining', '@MayorTomMenino', '@MarkeyMemo', 'amp', '@mikecapuano', 'for', '@NoMoreNames', 'tmrw', 'to', 'DemandAction', 'to', 'keep', 'our', 'kids', 'safe']",[],14:38:59,970207298
127,2013-08-26,Mon,106468,372107311793197057,199,SenWarren,"['Today', 'on', 'WomensEqualityDay', 'we', 'celebrate', 'the', 'courageous', 'women', 'who', 'fought', 'for', 'suffrage', 'amp', 'continue', 'fighting', 'to', 'protect', 'women', 's', 'rights']",[],21:24:31,970207298
128,2013-08-23,Fri,106468,370919523928387584,7,SenWarren,"['Enjoyed', 'meeting', 'students', 'at', '@UMassDMarSci1', 'yesterday', 'in', 'NewBedford']",[],14:44:40,970207298
129,2013-08-22,Thu,106468,370604705027616768,12,SenWarren,"['Visiting', '@GDC4Systems', 'today', 'to', 'learn', 'more', 'about', 'the', 'important', 'natl', 'security', 'work', 'done', 'in', 'Taunton']",[],17:53:42,970207298
130,2013-08-21,Wed,106468,370305710392750081,12,SenWarren,"['Its', 'great', 'to', 'be', 'in', 'Springfield', 'for', 'Sheriff', 'Ashes', 'annual', 'clambake']",[],22:05:36,970207298
131,2013-08-20,Tue,106468,369928003439964160,11,SenWarren,"['Great', 'visit', 'today', 'thanks', 'for', 'all', 'you', 'do', 'for', 'MA', 'amp', 'US', 'MT', '@TheNationsFirst', '@SenWarren', 'during', 'a', 'visit', 'at', '@HanscomAFB']",[],21:04:43,970207298
132,2013-08-13,Tue,106468,367374834738556928,23,SenWarren,"['Always', 'enjoy', 'learning', 'more', 'about', 'the', 'groundbreaking', 'research', 'that', 'goes', 'on', 'in', 'MA', 'like', 'at', '@MBLScience', 'in', 'Woods', 'Hole']",[],19:59:21,970207298
133,2013-08-08,Thu,106468,365548277749411841,17,SenWarren,"['This', 'week', 'I', 'visited', '@CraneandCo', 'employees', 'in', 'Dalton', 'MA', 'amp', 'saw', 'how', 'they', 'make', 'currency', 'for', 'countries', 'all', 'over', 'the', 'world']",[],19:01:15,970207298
134,2013-08-07,Wed,106468,365193921040617472,15,SenWarren,"['Thank', 'you', '@MassGuard', 'for', 'a', 'great', 'visit', 'to', 'Barnes', 'this', 'week', 'and', 'for', 'all', 'you', 'do', 'to', 'keep', 'MA', 'and', 'US', 'families', 'safe']",[],19:33:10,970207298
135,2013-08-06,Tue,106468,364849545156362241,23,SenWarren,"['Read', 'my', 'op-ed', 'in', '@SouthCoastToday', 'about', 'the', 'importance', 'of', 'supporting', 'Massachusetts', 'hardworking', 'fishermen']",[],20:44:44,970207298
136,2013-08-02,Fri,106468,363393026887917569,12,SenWarren,"['Had', 'a', 'great', 'day', 'visiting', '@WoodsHoleResCtr', '@MBLScience', 'and', '@MassGuard', 'on', 'the', 'Cape']",[],20:17:03,970207298
137,2013-07-22,Mon,106468,359422116304662528,116,SenWarren,"['Yesterday', 'was', '2', 'yrs', 'since', '@CFPB', 'opened', 'its', 'doors', 'amp', 'it', 's', 'already', 'making', 'a', 'difference', 'We', 'have', 'a', 'strong', 'agency', 'fighting', 'for', 'American', 'families']",[],21:18:04,970207298
138,2013-07-17,Wed,106468,357579430757011457,41,SenWarren,"['Great', 'to', 'join', '@DemJournal', 'amp', '@CFEDNews', 'today', 'to', 'talk', 'CFPBimpact', 'and', 'Rich', 'Cordray', 's', 'confirmation', 'Watch', 'my', 'remarks']",[],19:15:54,970207298
139,2013-07-17,Wed,106468,357567315660906496,41,SenWarren,"['We', 'need', 'a', 'strong', 'leader', 'at', '@USDOL', 'Its', 'time', 'to', 'confirm', 'Tom', 'Perez', 'ConfirmTom']",[],18:27:45,970207298
140,2013-07-15,Mon,106468,356888660962062336,277,SenWarren,"['Americans', 'don', 't', 'deserve', 'political', 'stalemate', 'that', 'will', 'end', 'not', 'in', 'more', 'government', 'or', 'less', 'government', 'but', 'just', 'in', 'bad', 'government', 'EndGridlock']",[],21:31:02,970207298
141,2013-07-15,Mon,106468,356874732148240384,65,SenWarren,"['We', 'must', 'confirm', 'Rich', 'Cordray', 'so', 'the', 'CFPB', 'can', 'continue', 'fighting', 'for', 'people', 'Watch', 'my', 'speech', 'on', 'the', 'Senate', 'floor', 'today']",[],20:35:41,970207298
142,2013-07-12,Fri,106468,355742797342580736,217,SenWarren,"['Today', 'I', 'spoke', 'about', 'why', 'we', 'need', 'the', '21st', 'Century', 'Glass', 'Steagall', 'Act', 'on', '@SquawkCNBC', 'Watch']",[],17:37:46,970207298
143,2013-07-11,Thu,106468,355449109617979392,103,SenWarren,"['Joining', '@SenJohnMcCain', 'now', 'to', 'speak', 'about', 'the', '21st', 'Century', 'Glass', 'Steagall', 'Act', 'amp', 'why', 'banking', 'should', 'be', 'boring']",[],22:10:46,970207298
144,2013-07-11,Thu,106468,355358684068581377,374,SenWarren,"['Today', 'I', 'm', 'introducing', 'the', '21st', 'Century', 'Glass-Steagall', 'Act', 'w', '@SenJohnMcCain', '@CantwellPress', 'amp', '@SenAngusKing']",[],16:11:27,970207298
145,2013-07-10,Wed,106468,354953354453065729,80,SenWarren,"['Read', 'my', 'op-ed', 'with', '@SenJackReed', 'on', 'student', 'loans', 'in', '@Politico', 'today']",[],13:20:49,970207298
146,2013-07-09,Tue,106468,354683329511047168,109,SenWarren,"['New', 'students', 'loans', 'will', 'produce', '$184', 'billion', 'in', 'profit', 'over', 'the', 'next', '10', 'yrs', 'The', 'GOP', 'plan', 'adds', 'another', 'billion', 'DontDoubleMyRate']",[],19:27:50,970207298
147,2013-07-09,Tue,106468,354680148336984065,64,SenWarren,"['On', 'July', '1', 'interest', 'rates', 'doubled', 'hitting', '158000', 'students', 'in', 'MA', 'Congress', 'needs', 'to', 'take', 'action', 'now', 'to', 'help', 'our', 'students', 'DontDoubleMyRate']",[],19:15:11,970207298
148,2013-07-09,Tue,106468,354678176959565824,268,SenWarren,"['The', 'gov', 't', 'shouldn', 't', 'make', 'billions', 'of', 'in', 'profit', 'off', 'our', 'students', 'we', 'should', 'invest', 'in', 'our', 'future', 'DontDoubleMyRate']",[],19:07:21,970207298
149,2013-07-09,Tue,106468,354676883885010944,17,SenWarren,"['Thank', 'you', 'to', 'MA', 'students', 'joining', '@SenateDems', 'on', 'Twitter', 'now', 'to', 'tell', 'Congress', 'DontDoubleMyRate']",[],19:02:13,970207298
150,2013-07-01,Mon,106468,351801922539356160,13,SenWarren,"['Make', 'sure', 'to', 'follow', '@MassEMA', 'for', 'tornado', 'warning', 'updates', 'and', 'instructions', 'on', 'how', 'to', 'stay', 'safe', 'Thank', 'you', 'to', 'all', 'the', 'emergency', 'response', 'teams']",[],20:38:09,970207298
151,2013-06-26,Wed,106468,349921055932030976,105,SenWarren,"['SCOTUS', 'ending', 'legalized', 'discrimination', 'under', 'DOMA', 'is', 'a', 'major', 'step', 'forward', 'toward', 'full', 'equality', 'amp', 'equal', 'rights', 'for', 'all', 'Americans']",[],16:04:15,970207298
152,2013-06-25,Tue,106468,349587454191349760,217,SenWarren,"['Appalled', 'by', 'SCOTUS', 'decision', 'to', 'gut', 'Voting', 'Rights', 'Act', 'Congress', 'must', 'meet', 'the', 'challenge', 'swiftly', 'reverse', 'this', 'decision']",[],17:58:38,970207298
153,2013-06-25,Tue,106468,349580031758053379,468,SenWarren,"['Hardworking', 'men', 'and', 'women', 'in', 'full-time', 'jobs', 'shouldn', 't', 'be', 'living', 'in', 'poverty', 'RaiseTheWage']",[],17:29:09,970207298
154,2013-06-20,Thu,106468,347792126223982593,17,SenWarren,"['Thanks', 'for', 'your', 'amazing', 'work', 'for', 'MA', 'girls', 'amp', 'young', 'women', 'MT', '@GirlsLEAP', 'Watch', 'this', 'video', 'our', 'Teens', 'made', 'for', '@SenWarren']",[],19:04:39,970207298
155,2013-06-20,Thu,106468,347762833192271872,25,SenWarren,"['MA', 'is', 'a', 'natl', 'leader', 'in', 'advanced', 'manufacturing-we', 'shld', 'invest', 'in', 'R', 'ampD', 'amp', 'promote', 'a', 'highly', 'skilled', 'workforce', 'advmfg2013']",[],17:08:15,970207298
156,2013-06-18,Tue,106468,347082083388235777,141,SenWarren,"['We', 'must', 'fight', 'to', 'stop', 'corporate', 'capture', 'of', 'federal', 'courts', 'amp', 'ensure', 'we', 'have', 'fair', 'judges', 'w', 'diverse', 'backgrounds', '@acslaw']",[],20:03:11,970207298
157,2013-06-13,Thu,106468,345205719542407168,91,SenWarren,"['We', 'need', 'transparency', 'in', 'trade', 'negotiations', 'so', 'the', 'public', 'can', 'have', 'input', 'Read', 'my', 'letter', 'to', 'the', 'US', 'Trade', 'Rep', 'nominee']",[],15:47:11,970207298
158,2013-06-13,Thu,106468,345187282111844352,13,SenWarren,"['@OneFundBoston', 'Apps', 'are', 'due', 'Saturday', 'Info', 'at', 'Pls', 'distribute', 'to', 'all', 'working', 'w', 'bombing', 'victims', 'amp', 'survivors']",[],14:33:55,970207298
159,2013-06-10,Mon,106468,344156451268341760,113,SenWarren,"['50', 'yrs', 'after', 'the', 'EqualPay', 'Act', 'the', 'fight', 'continues', 'for', 'equal', 'pay', 'for', 'equal', 'work', 'Read', 'my', 'op-ed', 'on', '@masslivenews']",[],18:17:46,970207298
160,2013-06-10,Mon,106468,344113103232970752,31,SenWarren,"['Great', 'to', 'join', 'students', '@RepTierney', 'today', 'at', '@Northeastern', 'We', 'must', 'BankonStudents', 'working', 'hard', 'to', 'build', 'a', 'future']",[],15:25:31,970207298
161,2013-06-09,Sun,106468,343831628956725248,48,SenWarren,"['Looking', 'forward', 'to', 'joining', '@RepTierney', 'and', 'students', 'at', '@northeastern', 'tomorrow', 'to', 'talk', 'student', 'loans', 'BankonStudents']",[],20:47:03,970207298
162,2013-06-06,Thu,106468,342731103586615297,21,SenWarren,"['FHFA', 'needs', 'policies', 'that', 'strengthen', 'neighborhoods', 'and', 'the', 'economy', 'Read', 'my', 'oped', 'in', '@dotnews']",[],19:53:57,970207298
163,2013-06-06,Thu,106468,342656048945037313,151,SenWarren,"['Voting', 'now', 'to', 'stop', 'studentloan', 'interest', 'rates', 'doubling', '71', 'We', 'need', 'to', 'invest', 'in', 'students', 'working', 'hard', 'to', 'get', 'an', 'education', 'studentdebt']",[],14:55:42,970207298
164,2013-06-05,Wed,106468,342368148479160322,60,SenWarren,"['Welcoming', 'MA', 'students', 'to', 'Capitol', 'Hill', 'on', 'StudentDebtDay', 'DontDoubleMyRate', 'ItsOurInterest', 'BankonStudents']",[],19:51:42,970207298
165,2013-06-05,Wed,106468,342297663225622529,242,SenWarren,"['Low', 'student', 'loan', 'rates', 'are', 'good', 'for', 'our', 'economy', 'and', 'the', 'middle', 'class', 'It', 's', 'time', 'to', 'BankonStudents', 'StudentDebtDay', 'DontDoubleMyRate']",[],15:11:37,970207298
166,2013-05-27,Mon,106468,339069997995397120,61,SenWarren,"['Remembering', 'those', 'who', 'gave', 'their', 'lives', 'to', 'protect', 'amp', 'defend', 'the', 'US', 'We', 'owe', 'them', 'immeasurable', 'gratitude']",[],17:26:02,970207298
167,2013-05-22,Wed,106468,337253362611400704,215,SenWarren,"['I', 'support', 'comprehensive', 'immigration', 'reform', 'because', 'our', 'diversity', 'makes', 'us', 'stronger', 'more', 'innovative', 'amp', 'more', 'creative', 'iMarch']",[],17:07:22,970207298
168,2013-05-20,Mon,106468,336534695384846336,44,SenWarren,"['Had', 'a', 'great', 'talk', 'w', '@RepTierney', 'amp', 'college', 'students', 'in', 'Boston', 'today', 'about', 'BankonStudents', 'amp', 'how', 'to', 'help', 'young', 'people', 'afford', 'an', 'education']",[],17:31:38,970207298
169,2013-05-20,Mon,106468,336270618892857344,27,SenWarren,"['Great', 'to', 'join', '@FraminghamU', 'students', 'at', 'commencement', 'today', 'Best', 'of', 'luck', 'to', 'all', 'grads']",[],00:02:18,970207298
170,2013-05-19,Sun,106468,336160106859352065,17,SenWarren,"['Enjoyed', 'speaking', 'at', '@SpfldCollege', 'commencement', 'this', 'morning', 'Congrats', 'and', 'good', 'luck', 'to', 'all', 'SCgrad2013', 'graduates']",[],16:43:09,970207298
171,2013-05-17,Fri,106468,335468274403917825,188,SenWarren,"['Today', 'MA', 'celebrates', '9', 'yrs', 'of', 'MarriageEquality', 'Ill', 'keep', 'fighting', 'so', 'all', 'Americans', 'can', 'marry', 'the', 'person', 'they', 'love', 'time4marriage']",[],18:54:03,970207298
172,2013-05-17,Fri,106468,335423396412276736,2245,SenWarren,"['RT', 'if', 'you', 'agree', 'Our', 'govt', 'shouldn', 't', 'be', 'making', 'billions', 'of', 'dollars', 'by', 'drowning', 'our', 'students', 'in', 'debt', 'BankonStudents']",[],15:55:44,970207298
173,2013-05-16,Thu,106468,335110031315976192,31,SenWarren,"['Great', 'to', 'see', 'MA', 'native', 'Dr', 'Ernest', 'Moniz', 'unanimously', 'confirmed', 'as', '@ENERGY', 'Secretary', 'I', 'look', 'forward', 'to', 'working', 'with', 'him']",[],19:10:32,970207298
174,2013-05-15,Wed,106468,334669429117964289,124,SenWarren,"['My', 'good', 'friend', '@RepTierney', 'introduced', 'BankonStudents', 'in', 'the', 'House', 'Join', 'me', 'in', 'thanking', 'him', 'for', 'standing', 'up', 'for', 'our', 'students']",[],13:59:44,970207298
175,2013-05-13,Mon,106468,333995728437383169,19,SenWarren,"['Great', 'to', 'talk', 'about', 'the', 'importance', 'of', 'immigrationreform', 'w', 'local', 'business', 'leaders', 'at', '@iiicenter\xe2\x80\x99s', 'breakfast', 'today']",[],17:22:41,970207298
176,2013-05-08,Wed,106468,332193398628954112,1090,SenWarren,"['Students', 'help', 'build', 'a', 'strong', 'economy', 'amp', 'middle', 'class', 'They', 'should', 'get', 'the', 'same', 'loan', 'rate', 'as', 'big', 'banks', 'BankonStudents']",[],18:00:52,970207298
177,2013-05-08,Wed,106468,332144959757115392,582,SenWarren,"['Today', 'I', 'introduced', 'my', 'first', 'bill', 'the', 'BankonStudents', 'Loan', 'Fairness', 'Act', 'Watch', 'my', 'speech', 'on', 'the', 'Senate', 'floor']",[],14:48:24,970207298
178,2013-05-07,Tue,106468,331815777084768256,75,SenWarren,"['Thanks', 'to', 'the', 'incredible', 'teachers', 'in', 'MA', 'amp', 'across', 'the', 'country', 'who', 'work', 'to', 'build', 'a', 'future', 'for', 'all', 'our', 'kids', 'thankateacher', 'nationalteacherday']",[],17:00:20,970207298
179,2013-05-07,Tue,106468,331788866258354176,303,SenWarren,"['We', 'shouldn', 't', 'slash', 'funding', 'for', 'food', 'assistance', 'education', 'and', 'med', 'research', 'and', 'let', '$billion', 'corps', 'benefit', 'from', 'tax', 'breaks', 'sequesterrepeal']",[],15:13:24,970207298
180,2013-04-29,Mon,106468,328970073542893569,24,SenWarren,"['Proud', 'to', 'stand', 'shoulder', 'to', 'shoulder', 'with', 'our', 'fishermen', 'this', 'morning', 'at', 'Boston', 'Fish', 'Pier']",[],20:32:32,970207298
181,2013-04-25,Thu,106468,327534423383896064,13,SenWarren,"['Congrats', 'to', '@MassDev', 'for', 'receiving', 'a', '$40', 'M', 'New', 'Markets', 'Tax', 'Credit', 'allocation', 'to', 'support', 'MA', 'communities']",[],21:27:46,970207298
182,2013-04-24,Wed,106468,327132179803021313,66,SenWarren,"['Service', 'to', 'each', 'other', 'makes', 'our', 'communities', 'and', 'our', 'country', 'strong', 'BostonStrong']",[],18:49:24,970207298
183,2013-04-24,Wed,106468,327119117209452544,32,SenWarren,"['We', 'are', 'strong', 'We', 'are', 'Collier', 'strong', 'We', 'are', 'Boston', 'strong']",[],17:57:29,970207298
184,2013-04-23,Tue,106468,326818604865699840,82,SenWarren,"['Thank', 'you', '1st', 'responders', 'doctors', 'nurses', 'amp', 'all', 'at', 'Bostons', 'world', 'class', 'hospitals', 'Your', 'heroic', 'actions', 'saved', 'lives']",[],22:03:22,970207298
185,2013-04-18,Thu,106468,324965429854478336,52,SenWarren,"['Bostonians', 'like', 'the', 'marathoners', 'are', 'resilient', 'amp', 'resourceful', 'We', 'are', 'fighters', 'We', 'cannot', 'be', 'broken', 'by', 'a', 'cowardly', 'act', 'of', 'terror']",[],19:19:30,970207298
186,2013-04-18,Thu,106468,324962293072928768,34,SenWarren,"['When', 'tragedy', 'strikes', 'we', 'are', 'one', 'family', 'We', 'cry', 'together', 'We', 'pray', 'together', 'We', 'help', 'each', 'other', 'together']",[],19:07:02,970207298
187,2013-04-16,Tue,106468,324177151668666368,93,SenWarren,"['Thank', 'you', 'to', 'the', 'brave', 'first', 'responders', 'and', 'volunteers', 'for', 'their', 'heroic', 'actions', 'during', 'the', 'tragedy', 'in', 'Boston']",[],15:07:10,970207298
188,2013-04-15,Mon,106468,323891614504349699,168,SenWarren,"['Praying', 'for', 'those', 'at', 'the', 'Boston', 'Marathon', 'today']",[],20:12:33,970207298
189,2013-04-11,Thu,106468,322435634495102976,255,SenWarren,"['Today', 'I', 'told', 'regulators', 'the', 'public', 'deserves', 'information', 'about', 'banks', 'that', 'illegally', 'foreclosed', 'on', 'families', 'Watch']",[],19:47:00,970207298
190,2013-04-09,Tue,106468,321687214625013762,199,SenWarren,"['It', 's', 'time', 'to', 'pass', 'the', 'PaycheckFairness', 'Act', 'because', 'women', 'deserve', 'equal', 'pay', 'for', 'equal', 'work', 'EqualPayDay']",[],18:13:03,970207298
191,2013-03-28,Thu,106468,317357659500195840,22,SenWarren,"['@MayorTomMenino', 'is', 'the', 'best', 'Period', 'Thank', 'you', 'Mayor', 'for', 'all', 'youve', 'done', 'for', 'Boston', 'families', 'over', 'the', 'past', '2', 'decades']",[],19:28:56,970207298
192,2013-03-28,Thu,106468,317290776306544640,114,SenWarren,"['All', '11', 'MA', 'congressmembers', 'support', 'universal', 'background', 'checks', 'for', 'gun', 'sales', 'Thanks', '@mayortommenino', 'for', 'your', 'leadership', 'DemandAction']",[],15:03:10,970207298
193,2013-03-22,Fri,106468,315141668561092608,55,SenWarren,"['Proud', 'to', 'introduce', 'my', 'first', 'Senate', 'amendment', 'today', 'to', 'help', 'support', 'MA', 'fishermen', 'and', 'their', 'families']",[],16:43:23,970207298
194,2013-03-15,Fri,106468,312619231743209472,215,SenWarren,"['Raising', 'the', 'minimum', 'wage', 'is', 'good', 'for', 'families', 'and', 'good', 'for', 'our', 'economy', 'Watch', 'Timefor1010']",[],17:40:07,970207298
195,2013-03-14,Thu,106468,312244786134392832,46,SenWarren,"['Today', 'I', 'joined', '@SenBobCorker', '@MarkWarner', 'amp', '@DavidVitter', 'in', 'a', 'bipartisan', 'effort', 'on', 'housing', 'finance', 'reform', 'GSEReform']",[],16:52:12,970207298
196,2013-03-14,Thu,106468,312211839150862336,40,SenWarren,"['Great', 'to', 'speak', 'with', '@ConsumerFed', 'this', 'morning', 'about', 'how', 'we', 'can', 'work', 'together', 'to', 'level', 'the', 'playing', 'field', 'for', 'American', 'families']",[],14:41:17,970207298
197,2013-03-12,Tue,106468,311583337229717504,124,SenWarren,"['Today', 'I', 'spoke', 'about', 'why', 'efforts', 'to', 'delay', 'Rich', 'Cordray', 's', 'nomination', 'are', 'an', 'attempt', 'to', 'weaken', 'the', 'CFPB']",[],21:03:51,970207298
198,2013-03-08,Fri,106468,310141245135654913,238,SenWarren,"['Happy', 'Intl', 'Womens', 'Day', 'Its', 'never', 'too', 'early', 'to', 'teach', 'your', 'daughters', 'that', 'they', 'can', 'be', 'anything', 'they', 'want', 'to', 'be']",[],21:33:29,970207298
199,2013-03-07,Thu,106468,309745515237625857,1714,SenWarren,"['Today', 'I', 'asked', 'Treasury', 'How', 'much', 'drug', 'money', 'does', 'a', 'bank', 'have', 'to', 'launder', 'before', 'we', 'consider', 'shutting', 'them', 'down', 'Watch']",[],19:21:00,970207298
200,2013-03-07,Thu,106468,309675292157427712,55,SenWarren,"['Our', 'next', 'Banking', 'Committee', 'hearing', 'will', 'be', 'this', 'morning', 'at', '10am', 'Watch', 'live', 'at']",[],14:41:57,970207298
201,2013-03-06,Wed,106468,309406154587516928,8,SenWarren,"['A', 'little', 'snow', 'couldnt', 'keep', 'these', 'great', 'kids', 'from', 'MA', 'away', 'from', 'the', 'Capitol', 'today']",[],20:52:30,970207298
202,2013-03-06,Wed,106468,309392288679878656,75,SenWarren,"['Attorney', 'General', 'Eric', 'Holder', 'agrees', 'the', 'big', 'banks', 'are', 'too', 'big', 'to', 'fail', 'and', 'too', 'big', 'to', 'jail']",[],19:57:24,970207298
203,2013-03-01,Fri,106468,307558705526865920,72,SenWarren,"['Heres', 'where', 'Wall', 'St', 'and', 'I', 'agree', 'DOMA', 'is', 'bad', 'for', 'business', 'Glad', 'to', 'see', 'Wall', 'St', 'on', 'this', 'brief', 'lgbt']",[],18:31:24,970207298
204,2013-02-28,Thu,106468,307216649512177664,17,SenWarren,"['Spoke', 'yesterday', 'at', 'the', 'Special', 'Committee', 'on', 'Aging', 'on', 'the', 'different', 'visions', 'to', 'lower', 'health', 'care', 'costs', 'Watch', 'here']",[],19:52:11,970207298
205,2013-02-28,Thu,106468,307179874962001922,190,SenWarren,"['Glad', 'to', 'hear', 'the', 'House', 'has', 'passed', 'the', 'Senates', 'version', 'of', 'VAWA', 'It', 'plays', 'a', 'vital', 'role', 'in', 'combating', 'domestic', 'violence', 'amp', 'sexual', 'assault']",[],17:26:03,970207298
206,2013-02-27,Wed,106468,306819560932270081,44,SenWarren,"['Spoke', 'today', 'at', 'cunagac', 'amp', 'met', 'with', 'MA', 'members', 'Member-owned', 'credit', 'unions', 'are', 'a', 'model', 'for', 'financial', 'institutions']",[],17:34:18,970207298
207,2013-02-26,Tue,106468,306519009958961152,220,SenWarren,"['Today', 'I', 'asked', 'Ben', 'Bernanke', 'Why', 'isnt', 'Wall', 'St', 'paying', 'for', 'its', 'free', 'insurance', 'from', 'taxpayers']",[],21:40:01,970207298
208,2013-02-26,Tue,106468,306415030008676353,32,SenWarren,"['Ben', 'Bernanke', 'of', 'the', '@federalreserve', 'will', 'testify', 'before', 'the', 'Banking', 'Committee', 'at', '10am', 'Watch', 'live', 'at']",[],14:46:50,970207298
209,2013-02-14,Thu,106468,302132693930496000,435,SenWarren,"['Are', 'banks', 'too', 'big', 'for', 'trial', 'Watch', 'my', 'first', 'banking', 'committee', 'hearing', 'to', 'find', 'out', 'wallstreet']",[],19:10:22,970207298
210,2013-02-13,Wed,106468,301799616091922432,188,SenWarren,"['Stalemates', 'dont', 'end', 'in', 'more', 'or', 'less', 'govt', 'but', 'bad', 'govt', 'After', '2', 'years', 'its', 'time', 'for', 'the', 'Senate', 'to', 'give', 'Rich', 'Cordray', 'a', 'vote', 'cfpb']",[],21:06:50,970207298
211,2013-02-13,Wed,106468,301799371484315648,45,SenWarren,"['Today', '@SenJackReed', '@SenSherrodBrown', 'and', 'I', 'called', 'for', 'a', 'vote', 'for', 'Rich', 'Cordray', 'to', 'lead', 'the', '@CFPB', 'cfpb']",[],21:05:52,970207298
212,2013-02-13,Wed,106468,301718605161168896,5,SenWarren,"['My', 'colleagues', 'can', 'learn', 'a', 'lot', 'about', 'the', 'success', 'of', 'companies', 'like', '@RoxTech', 'Im', 'glad', 'Beth', 'could', 'join', 'me', 'today', 'jobs']",[],15:44:56,970207298
213,2013-02-13,Wed,106468,301687537095823360,7,SenWarren,"['Hosting', 'Bostons', '@RoxTech', 'in', 'DC', 'this', 'morning', 'at', 'a', 'job', 'creators', 'forum', 'with', '@SenateDems', 'to', 'talk', 'about', 'their', 'success', 'jobs']",[],13:41:28,970207298
214,2013-02-12,Tue,106468,301437649602895872,103,SenWarren,"['Proud', 'that', 'the', 'Senate', 'voted', 'to', 're-authorize', 'VAWA', 'today', 'Now', 'I', 'hope', 'the', 'House', 'will', 'put', 'the', 'safety', 'of', 'women', 'first', 'and', 'pass', 'the', 'bill']",[],21:08:30,970207298
215,2013-02-12,Tue,106468,301362681301069824,8,SenWarren,"['Great', 'to', 'meet', 'so', 'many', 'MA', 'residents', 'visiting', 'the', 'Capitol', 'this', 'morning']",[],16:10:37,970207298
216,2013-02-11,Mon,106468,301089441374679040,18,SenWarren,"['Gov', 'Patrick', 'did', 'an', 'incredible', 'job', 'leading', 'MA', 'during', 'the', 'storm', 'amp', 'Ill', 'do', 'my', 'best', 'to', 'support', 'his', 'recovery', 'efforts', 'in', 'the', 'days', 'amp', 'weeks', 'ahead']",[],22:04:51,970207298
217,2013-02-11,Mon,106468,301089290476208128,21,SenWarren,"['Im', 'grateful', 'for', 'the', 'workers', 'who', 'have', 'been', 'out', 'there', 'day', 'amp', 'night', 'clearing', 'roads', 'amp', 'working', 'to', 'restore', 'power', 'for', 'people', 'across', 'MA', 'MAstorm']",[],22:04:15,970207298
218,2013-02-11,Mon,106468,301089143428096000,10,SenWarren,"['Im', 'very', 'grateful', 'for', 'the', 'work', 'of', 'our', 'brave', 'first', 'responders', 'to', 'keep', 'all', 'of', 'us', 'safe', 'during', 'this', 'weekends', 'storm', 'MAstorm']",[],22:03:40,970207298
219,2013-02-11,Mon,106468,300973132834017280,11,SenWarren,"['The', '@MassEMA', 'has', 'a', 'list', 'of', 'open', 'gas', 'stations', 'in', 'SE', 'MA', 'Take', 'a', 'look', 'MAstorm']",[],14:22:41,970207298
220,2013-02-08,Fri,106468,299979854168879104,50,SenWarren,"['Portable', 'generators', 'may', 'expose', 'you', 'to', 'carbon', 'monoxide', 'Keep', 'generators', 'outside', 'amp', 'check', 'your', 'CO', 'alarms', 'to', 'make', 'sure', 'theyre', 'working', 'Mastorm']",[],20:35:45,970207298
221,2013-02-07,Thu,106468,299646737851772928,20,SenWarren,"['If', 'you', 're', 'in', 'MA', 'please', 'check', 'out', 'the', '@MassEMA', 'website', 'to', 'make', 'sure', 'you', 're', 'ready', 'for', 'tomorrows', 'storm', 'MAstorm']",[],22:32:04,970207298
222,2013-02-07,Thu,106468,299613207973216257,980,SenWarren,"['One', 'quarter', 'of', 'all', 'women', 'in', 'the', 'US', 'are', 'victims', 'of', 'domestic', 'violence', 'We', 'must', 're-authorize', 'the', 'VAWA']",[],20:18:50,970207298
223,2013-02-07,Thu,106468,299594277833568256,18,SenWarren,"['Congratulations', 'to', 'my', 'new', 'colleague', '@SenMoCowan!', 'Hes', 'going', 'to', 'do', 'a', 'great', 'job', 'fighting', 'for', 'MA', 'families', 'in', 'the', 'Senate']",[],19:03:36,970207298
224,2013-02-04,Mon,106468,298546370611126272,542,SenWarren,"['Im', 'proud', 'to', 'cosponsor', 'the', 'Violence', 'Against', 'Women', 'Act', 'We', 'cant', 'leave', 'victims', 'without', 'the', 'support', 'they', 'desperately', 'need', 'vawa']",[],21:39:36,970207298
225,2013-02-04,Mon,106468,298544146162012162,6,SenWarren,"['Met', 'with', 'Suffolk', 'County', 'DA', 'Dan', 'Conley', 'today', 'about', 'the', '@casamyrna', 'MA', '247', 'domestic', 'violence', 'hotline', 'SafeLink', 'vawa']",[],21:30:45,970207298
226,2013-01-30,Wed,106468,296667593270517760,61,SenWarren,"['Very', 'pleased', 'to', 'welcome', '@MoCowan', 'to', 'the', 'Senate', 'I', 'look', 'forward', 'to', 'working', 'closely', 'with', 'him', 'to', 'protect', 'the', 'interests', 'of', 'MA', 'families']",[],17:14:00,970207298
227,2013-01-29,Tue,106468,296338259687141378,229,SenWarren,"['I', 'support', 'the', 'PaycheckFairness', 'Act', 'because', 'women', 'deserve', 'equal', 'pay', 'for', 'equal', 'work', 'TalkPay']",[],19:25:21,970207298
228,2013-01-29,Tue,106468,296338093127131137,48,SenWarren,"['4', 'yrs', 'ago', 'today', 'the', 'President', 'signed', 'the', 'Lilly', 'Ledbetter', 'Fair', 'Pay', 'Act', 'but', 'we', 'still', 'have', 'more', 'work', 'to', 'do', 'TalkPay', 'PaycheckFairness']",[],19:24:41,970207298
229,2013-01-25,Fri,106468,294611729177010177,66,SenWarren,"['Im', 'disappointed', 'that', 'the', 'filibuster', 'reform', 'agreement', 'is', 'not', 'more', 'extensive', 'but', 'some', 'change', 'is', 'better', 'than', 'no', 'change', 'at', 'all']",[],01:04:44,970207298
230,2013-01-24,Thu,106468,294464899474677762,101,SenWarren,"['When', 'the', 'airplanethat', 'says', 'on', 'the', 'side', 'USA', 'lands', 'anywhere', 'in', 'the', 'world', 'Ill', 'be', 'proud', 'that', 'it', 'will', 'be', '@JohnKerry', 'representing', 'us']",[],15:21:17,970207298
231,2013-01-24,Thu,106468,294464819615113216,16,SenWarren,"['John', 'says', 'America', 'isnt', 'exceptional', 'because', 'we', 'say', 'we', 'are', 'were', 'exceptional', 'because', 'we', 'do', 'exceptional', 'things']",[],15:20:58,970207298
232,2013-01-24,Thu,106468,294464728489676800,8,SenWarren,"['I', 'know', '[', '@JohnKerry]', 'believes', 'through', 'amp', 'through', 'in', 'the', 'good', 'that', 'America', 'can', 'do', 'in', 'the', 'world', 'because', 'hes', 'seen', 'it', 'amp', 'lived', 'it', 'all', 'his', 'life']",[],15:20:36,970207298
233,2013-01-24,Thu,106468,294464456694591488,6,SenWarren,"['From', 'his', 'many', 'yrs', 'in', 'the', 'Senate', 'John', 'has', 'developed', 'a', 'very', 'personal', 'understanding', 'that', 'we', 'represent', 'not', 'just', 'states', 'or', 'a', 'gov', 'but', 'people']",[],15:19:32,970207298
234,2013-01-24,Thu,106468,294464128838414338,19,SenWarren,"['If', 'anyone', 'wants', 'to', 'learn', 'diplomacy', 'come', 'try', 'Massachusetts', 'politics']",[],15:18:13,970207298
235,2013-01-24,Thu,106468,294463913322496001,3,SenWarren,"['It', 'is', 'an', 'honor', 'to', 'be', 'here', 'with', 'Sec', 'Clinton', 'amp', 'Sen', 'McCain', 'to', 'introduce', 'my', 'senior', 'senator', 'amp', 'my', 'friend', '@JohnKerry']",[],15:17:22,970207298
236,2013-01-24,Thu,106468,294458784565317633,41,SenWarren,"['Proud', 'to', 'introduce', '@JohnKerry', 'at', 'his', 'confirmation', 'hearing', 'for', 'Secretary', 'of', 'State', 'this', 'morning', 'at', '10am', 'Hope', 'you', 'can', 'tune', 'in']",[],14:56:59,970207298
237,2013-01-23,Wed,106468,294087151145086976,12,SenWarren,"['Held', 'a', 'breakfast', 'for', 'MA', 'residents', 'in', 'town', 'for', 'inauguration', 'at', 'the', 'Capitol', 'Great', 'to', 'see', 'everyone']",[],14:20:16,970207298
